{
  "project_info": {
    "project_number": "548110521797",
    "project_id": "fitnwell-40c00",
    "storage_bucket": "fitnwell-40c00.firebasestorage.app"
  },
  "client": [
    {
      "client_info": {
        "mobilesdk_app_id": "1:548110521797:android:5127f81b780805359367ac",
        "android_client_info": {
          "package_name": "com.fitnwell.app"
        }
      },
      "oauth_client": [],
      "api_key": [
        {
          "current_key": "AIzaSyD2HkD-9n7NhcwMYsD_AnOfCiowYQeJlBE"
        }
      ],
      "services": {
        "appinvite_service": {
          "other_platform_oauth_client": []
        }
      }
    }
  ],
  "configuration_version": "1"
}